name|lastname|sex|birthdate
Said Kwame|Niang Nkosi|M|1969-1-25
Nia Asma|Phiri Ba|F|1981-2-17
Malika Ife|Sylla Chukwu|F|2014-8-6
Mamadou Ahmed|Mumba Niang|M|1955-9-6
Samira Malika|Bello Tshabalala|F|1977-11-2
Kwesi Wale|Kamara Obi|M|1960-8-20
Zahara Imani|Kamara Mohammed|F|1954-8-2
Said Chukwuemeka|Mokone Dlamini|M|2014-8-12
Adebayo Oumar|Diop Langa|M|1994-9-17
Musa Ousmane|Sankoh Keita|M|1973-3-16
Samira Sanaa|Ogbonna Chukwu|F|1990-6-13
Nabil Suleiman|Osman Obi|M|1982-6-23
Chiamaka Sanaa|Keita Jalloh|F|1975-9-20
Issa Tahir|Gumede Mulenga|M|2007-2-21
Abdi Chinedu|Banda Nkosi|M|2009-2-8
Juma Nabil|Mokone Langa|M|1988-5-17
Samira Nala|Jalloh Niang|F|2004-11-19
Lamine Tariq|Traoré Mumba|M|1981-3-9
Tahir Tariq|Kamara Obi|M|1994-12-17
Ousmane Yacouba|Kamara Nkomo|M|1992-11-11
Adjoa Ime|Okafor Olumide|F|2002-1-16
Amara Amina|Conteh Nkosi|F|2006-4-18
Adanna Nala|Ndiaye Mulenga|F|1991-5-11
Nabil Musa|Mahlatse Mohammed|M|2008-6-21
Mamadou Hassan|Ogbonna Ndlovu|M|1971-1-5
Moustapha Said|Ndlovu Keita|M|1974-10-2
Youssef Mustafa|Sylla Ndlovu|M|1976-5-24
Issa Boubacar|Keita Osman|M|1957-4-8
Kwesi Temba|Ouedraogo Kamara|M|1958-11-13
Adebayo Yacouba|Obi Okafor|M|1998-6-11
Issa Haroun|Abdullahi Diallo|M|1964-10-2
Ayo Mustafa|Bello Jalloh|M|1982-2-18
Chiamaka Halima|Nkomo Mpofu|F|1961-10-18
Boubacar Temba|Modise Ndou|M|1991-12-18
Amadi Hassan|Dlamini Gumede|M|1962-12-14
Femi Moustapha|Nkosi Nkosi|M|1962-4-9
Nia Zuleika|Traoré Diop|F|1984-9-10
Tahir Amadi|Phiri Obi|M|1966-3-15
Ayo Adewale|Ouedraogo Ba|M|1982-3-23
Ayanna Zola|Phiri Mahlatse|F|1984-1-9
Musa Oladipo|Mokone Ndiaye|M|2007-4-23
Juma Temba|Eze Banda|M|1985-3-23
Ibrahima Diop|Banda Bello|M|1970-5-21
Asha Imani|Ndou Mahlatse|F|1959-3-24
Suleiman Chinedu|Diop Djembe|M|1966-5-13
Hassan Tunde|Ndou Ndlovu|M|2011-4-14
Juma Femi|Nwachukwu Dlamini|M|1999-1-19
Haroun Femi|Sankoh Modise|M|1965-3-1
Mariam Asma|Gumede Okafor|F|1966-12-10
Mustafa Said|Mulenga Mensah|M|2007-11-12
Suleiman Adebayo|Traoré Sow|M|1994-5-12
Adebayo Ibrahima|Chukwu Keita|M|2012-9-11
Fatima Aminata|Mulenga Nkosi|F|1972-7-18
Juma Juma|Nwachukwu Ogwumike|M|1968-11-1
Mustafa Temba|Toure Sow|M|2006-10-5
Abdi Ibrahima|Ogwumike Okafor|M|1962-8-17
Adanna Ayana|Osman Mahlatse|F|1994-6-14
Boubacar Haroun|Kamara Moyo|M|1963-8-23
Malik Tariq|Moyo Langa|M|1984-8-3
Youssef Mubarak|Jalloh Mahlatse|M|1965-2-19
Aboubacar Abdi|Moyo Olumide|M|1996-1-4
Ayo Oumar|Mahlatse Banda|M|1990-3-8
Tahir Chinedu|Bello Chanda|M|1967-4-20
Haroun Femi|Traoré Abdullahi|M|1989-7-9
Hassan Musa|Keita Mokone|M|1955-8-4
Tunde Kwame|Djembe Jalloh|M|2002-10-14
Chinedu Emmanuel|Langa Sankoh|M|1982-1-6
Asha Mariam|Traoré Sow|F|2000-10-7
Sani Amadou|Sow Eze|M|2004-9-17
Kwame Moustapha|Osman Mensah|M|1955-4-2
Malik Adewale|Mensah Gumede|M|2004-8-1
Lamine Chinedu|Sow Mohammed|M|1970-9-20
Mohammed Mohammed|Mulenga Nkosi|M|2002-12-3
Amadi Juma|Mulenga Eze|M|1970-4-7
Temba Tahir|Ndiaye Osman|M|1960-11-20
Mubarak Ibrahima|Mensah Olumide|M|1997-11-21
Aboubacar Ayo|Mahlatse Ndlovu|M|1974-2-1
Adaeze Adjoa|Jalloh Sylla|F|1984-8-8
Ousmane Hassan|Mumba Obi|M|1976-3-11
Malik Chinedu|Nkomo Nwachukwu|M|1989-6-17
Adjoa Zoya|Ndiaye Mumba|F|1976-3-23
Kofi Mustafa|Kamara Conteh|M|1970-6-14
Ime Amina|Sow Mensah|F|1994-4-9
Aboubacar Femi|Mohammed Nwosu|M|1972-4-21
Nia Nala|Sow Tshabalala|F|1960-9-8
Yacouba Abdi|Ogbonna Chukwu|M|2014-6-7
Ali Diop|Mulenga Mokone|M|1985-12-2
Moustapha Lamine|Sylla Traoré|M|1982-11-16
Nkechi Zahara|Nkomo Olumide|F|1956-2-15
Kwesi Emmanuel|Kamara Dlamini|M|2014-8-20
Ali Ibrahima|Osman Okafor|M|1995-1-17
Kwame Ismail|Langa Diallo|M|2004-11-3
Femi Amadou|Modise Nwachukwu|M|1964-2-24
Amina Mariam|Chanda Obi|F|1987-8-22
Nala Ayana|Mpofu Tshabalala|F|1980-9-10
Temba Abdi|Jalloh Conteh|M|2001-1-22
Malik Haroun|Sankoh Okafor|M|1993-2-13
Chukwuemeka Sani|Ndlovu Mensah|M|1982-3-3
Samira Nala|Banda Ogbonna|F|1983-11-12
Mariam Nadia|Nkomo Ba|F|1972-4-12
Oumar Chukwuemeka|Obi Conteh|M|1982-6-18
Aaliyah Nzinga|Sankoh Banda|F|1984-12-20
Issa Ayo|Djembe Okafor|M|1991-5-14
Jabari Femi|Mokone Olumide|M|1965-1-19
Oladipo Amadi|Konaté Modise|M|1992-8-7
Nabil Kwame|Osman Mulenga|M|1981-4-11
Amadou Said|Ndlovu Niang|M|1996-6-10
Musa Jabari|Sow Abdullahi|M|2012-8-13
Kadija Zainab|Ogwumike Diallo|F|1990-2-21
Said Hassan|Olumide Nwosu|M|1973-4-23
Ayo Mamadou|Ndou Jalloh|M|2011-10-7
Lamine Musa|Sylla Ba|M|1973-10-11
Ife Asma|Bello Diop|F|1956-3-10
Kadija Nkechi|Obi Ba|F|1957-1-5
Ayana Zuleika|Ogbonna Toure|F|1964-12-2
Layla Zola|Nwachukwu Ndou|F|1994-9-4
Mubarak Ahmed|Ndiaye Mohammed|M|1980-12-11
Ife Layla|Olumide Mensah|F|2002-4-3
Ayana Ife|Mumba Obi|F|1959-11-3
Thandiwe Nala|Mokone Moyo|F|1981-5-5
Nabil Ahmed|Niang Nkomo|M|1962-5-11
Ayo Nia|Mpofu Sankoh|F|1974-1-16
Femi Kwesi|Mumba Mensah|M|1970-4-21
Mohammed Femi|Keita Sow|M|1995-7-3
Mustafa Mohammed|Mensah Diallo|M|2013-1-6
Nia Nala|Eze Diop|F|1982-10-25
Lamine Mustafa|Bello Conteh|M|1963-12-3
Nia Thandiwe|Chanda Ogbonna|F|2004-12-13
Issa Femi|Sankoh Jalloh|M|1974-9-7
Zola Aisha|Ndiaye Kamara|F|1962-11-1
Chukwuemeka Moustapha|Abdullahi Nkomo|M|1963-11-9
Kofi Ousmane|Okafor Obi|M|1988-6-23
Tunde Suleiman|Gumede Dlamini|M|1981-2-24
Issa Boubacar|Sow Diop|M|1990-9-8
Mamadou Ousmane|Sankoh Okafor|M|2002-4-2
Ime Zahara|Eze Ba|F|1986-12-13
Ousmane Ali|Langa Diop|M|1962-2-9
Nala Nzinga|Tshabalala Konaté|F|1955-3-20
Ousmane Tahir|Modise Osman|M|1961-10-15
Aaliyah Kehinde|Mensah Dlamini|F|1954-12-19
Youssef Oumar|Diallo Langa|M|2008-5-2
Emmanuel Adewale|Konaté Ndiaye|M|1963-7-8
Abdi Tunde|Sankoh Sow|M|1993-3-15
Nala Zuleika|Jalloh Ouedraogo|F|1982-4-3
Imani Nia|Olumide Diop|F|1988-7-24
Mamadou Moustapha|Chukwu Mulenga|M|1983-11-7
Boubacar Kwame|Nwosu Dlamini|M|1980-6-11
Aaliyah Amara|Traoré Sylla|F|2002-3-17
Ismail Aboubacar|Mahlatse Diallo|M|1979-5-4
Musa Amadou|Okafor Ndou|M|1985-5-6
Femi Yacouba|Bello Nkomo|M|1976-1-5
Kofi Moustapha|Gumede Modise|M|1962-5-12
Nala Halima|Nwosu Niang|F|1985-10-24
Yacouba Said|Djembe Okafor|M|2012-6-12
Femi Ali|Moyo Ouedraogo|M|1989-11-11
Yaa Chiamaka|Osman Toure|F|1975-11-4
Hassan Moustapha|Ouedraogo Mumba|M|1996-12-5
Haroun Malik|Bello Djembe|M|2011-5-15
Amadou Mustafa|Sow Djembe|M|1964-3-2
Wale Ismail|Diallo Nkosi|M|1957-2-13
Amina Zahara|Traoré Ndou|F|1994-7-12
Tahir Emmanuel|Jalloh Chukwu|M|1970-3-22
Tunde Kofi|Conteh Conteh|M|1991-5-8
Moustapha Mustafa|Nwosu Djembe|M|1974-7-22
Issa Kwame|Djembe Langa|M|1964-10-21
Zahara Ayana|Nkosi Ogbonna|F|2005-3-16
Ibrahima Musa|Phiri Tshabalala|M|1962-4-13
Kofi Ayo|Sylla Nkosi|M|2006-7-6
Mubarak Kwame|Ogwumike Nkomo|M|1964-6-21
Chiamaka Asma|Osman Ouedraogo|F|1999-6-19
Zuleika Aaliyah|Moyo Ogbonna|F|2001-6-8
Emmanuel Abdi|Sankoh Dlamini|M|1993-3-25
Jabari Yacouba|Chanda Abdullahi|M|1960-5-10
Boubacar Ayo|Obi Moyo|M|1981-1-20
Ayana Chiamaka|Olumide Ogbonna|F|2008-7-24
Solomon Moustapha|Mpofu Gumede|M|2007-4-20
Thandiwe Tariro|Dlamini Mumba|F|1999-7-20
Oladipo Sani|Eze Djembe|M|1974-1-19
Sanaa Ayana|Abdullahi Banda|F|1984-5-5
Kwesi Yacouba|Moyo Moyo|M|1992-8-21
Abdi Tahir|Ouedraogo Mahlatse|M|1964-2-18
Suleiman Tunde|Nwachukwu Bello|M|1966-12-16
Aminata Ime|Sow Jalloh|F|1970-11-6
Ousmane Mohammed|Dlamini Abdullahi|M|1965-6-16
Mohammed Abdi|Conteh Keita|M|1988-7-13
Sani Issa|Ndou Phiri|M|1980-12-18
Diop Femi|Olumide Ndlovu|M|1999-3-1
Diop Amadi|Diallo Mahlatse|M|1958-6-2
Mubarak Kwame|Mokone Chanda|M|2008-11-16
Mubarak Adebayo|Gumede Abdullahi|M|1972-11-21
Zara Aminata|Niang Mahlatse|F|1999-2-14
Mamadou Adebayo|Diop Jalloh|M|1967-11-12
Mustafa Abdi|Nwachukwu Mensah|M|1969-5-9
Chukwuemeka Jabari|Sankoh Mpofu|M|1992-11-6
Sani Youssef|Banda Obi|M|1971-1-20
Ayo Nala|Nwosu Gumede|F|2010-1-13
Malik Mohammed|Ba Keita|M|2003-5-12
Mamadou Yacouba|Kamara Ogwumike|M|2003-7-13
Adewale Ibrahima|Ogwumike Gumede|M|2004-9-22
Amara Kadija|Mpofu Nkosi|F|1985-11-8
Oladipo Mustafa|Banda Gumede|M|1976-11-7
Alima Layla|Mokone Ouedraogo|F|1998-5-17
Ayo Wale|Niang Okafor|M|1958-9-25
Lamine Kwesi|Sow Niang|M|1986-10-25
Amara Nala|Sow Chanda|F|1978-9-11
Nala Ife|Sylla Dlamini|F|2004-7-14
Tahir Ahmed|Olumide Mohammed|M|1974-1-14
Hassan Temba|Tshabalala Banda|M|1987-6-1
Haroun Ahmed|Conteh Phiri|M|1997-4-17
Adjoa Zoya|Sow Mahlatse|F|1960-5-18
Kofi Kwesi|Niang Conteh|M|1982-2-3
Amina Taraji|Ogwumike Keita|F|2006-2-9
Nabil Oumar|Chukwu Ogwumike|M|1996-3-21
Jabari Kwame|Dlamini Nkosi|M|1979-10-8
Yacouba Youssef|Nkosi Nkosi|M|1965-7-23
Amadou Jabari|Bello Sow|M|1955-4-1
Nkechi Imani|Ndou Nkosi|F|1997-2-23
Wale Kofi|Tshabalala Olumide|M|1994-1-8
Nala Nia|Nwosu Toure|F|1995-6-8
Ismail Oladipo|Nwosu Nkomo|M|2006-7-13
Ayo Amara|Mumba Keita|F|1998-1-3
Fatima Salma|Nkosi Phiri|F|1997-4-11
Mamadou Tahir|Bello Toure|M|2006-12-23
Lamine Amadou|Mensah Osman|M|1956-8-14
Suleiman Jabari|Moyo Nwosu|M|1976-12-24
Youssef Boubacar|Nkomo Diop|M|1997-3-1
Adjoa Kehinde|Langa Ba|F|2003-12-15
Aboubacar Diop|Conteh Keita|M|1993-8-19
Zara Malika|Mahlatse Mokone|F|2006-5-4
Lamine Temba|Mulenga Mumba|M|1972-1-10
Temba Chinedu|Keita Conteh|M|1957-6-1
Boubacar Amadou|Toure Mumba|M|1967-12-18
Femi Boubacar|Mensah Tshabalala|M|1985-3-12
Ayana Nala|Obi Mohammed|F|2005-9-16
Amadi Chinedu|Chanda Ndiaye|M|1970-10-1
Ahmed Mohammed|Conteh Mumba|M|1964-3-21
Nala Asma|Traoré Mohammed|F|1964-12-18
Kadija Zoya|Okafor Traoré|F|1992-11-7
Aboubacar Nabil|Obi Ndlovu|M|1977-2-14
Nia Nkechi|Niang Traoré|F|1956-5-9
Sani Adebayo|Sylla Ogwumike|M|1998-8-18
Mohammed Amadou|Okafor Bello|M|1961-5-16
Amadi Oladipo|Sylla Mahlatse|M|1986-9-21
Sanaa Nadia|Dlamini Chanda|F|1976-3-21
Wale Mubarak|Nwachukwu Nkosi|M|2001-2-8
Tariq Chinedu|Sylla Jalloh|M|1961-9-14
Moustapha Kwame|Tshabalala Eze|M|2006-12-19
Amina Safiya|Sow Chukwu|F|2007-3-10
Tariro Adaeze|Gumede Keita|F|1979-2-17
Kwesi Abdi|Mohammed Conteh|M|1970-1-18
Mohammed Ali|Traoré Okafor|M|1961-2-6
Ayana Ime|Modise Dlamini|F|1969-11-22
Chinedu Chukwuemeka|Banda Mpofu|M|1963-10-19
Abdi Mamadou|Bello Gumede|M|1972-3-16
Hassan Aboubacar|Diop Nkosi|M|2013-10-19
Aboubacar Ibrahima|Mulenga Bello|M|1976-8-5
Chinedu Ahmed|Ndlovu Olumide|M|1969-7-6
Imani Aminata|Tshabalala Nkomo|F|1960-1-3
Chinedu Emmanuel|Niang Kamara|M|1993-4-24
Mubarak Mubarak|Olumide Sylla|M|1993-3-22
Mohammed Solomon|Traoré Niang|M|1997-7-8
Nia Aminata|Conteh Nkomo|F|1954-12-13
Ahmed Kwesi|Langa Konaté|M|1977-3-25
Oladipo Diop|Sow Ndlovu|M|1964-8-24
Adaeze Nala|Abdullahi Jalloh|F|1975-11-23
Suleiman Diop|Ogwumike Langa|M|1964-12-7
Aboubacar Tariq|Djembe Ogwumike|M|1999-11-7
Tahir Wale|Sylla Abdullahi|M|1993-9-19
Solomon Musa|Kamara Keita|M|1960-2-11
Asma Adanna|Nkosi Jalloh|F|1984-12-22
Temba Lamine|Eze Sow|M|1991-10-9
Emmanuel Kofi|Nwosu Sylla|M|1968-2-24
Ali Sani|Toure Diallo|M|2012-6-8
Nia Ayo|Conteh Nkosi|F|2006-12-11
Emmanuel Hassan|Jalloh Eze|M|1960-1-10
Nala Zainab|Mokone Modise|F|1966-10-4
Kofi Femi|Modise Obi|M|1981-9-21
Kwame Femi|Mahlatse Traoré|M|2013-5-4
Haroun Wale|Ba Traoré|M|1961-10-16
Wale Temba|Chukwu Olumide|M|1982-7-25
Zahara Salma|Mohammed Nwosu|F|1977-5-2
Femi Solomon|Eze Mahlatse|M|1989-9-16
Nkechi Aminata|Djembe Moyo|F|1988-3-18
Ahmed Kwesi|Mohammed Okafor|M|1993-6-9
Salma Nzinga|Sow Bello|F|1992-5-1
Oladipo Femi|Nkosi Keita|M|1956-7-6
Amadou Ali|Nkosi Osman|M|1980-3-13
Moustapha Adewale|Keita Nkosi|M|2000-10-20
Salma Zola|Tshabalala Olumide|F|1995-4-3
Sani Yacouba|Langa Langa|M|1976-6-20
Malika Amina|Traoré Sow|F|1972-5-19
Ayo Chiamaka|Ogbonna Jalloh|F|1992-1-13
Mohammed Ayo|Okafor Niang|M|1974-8-17
Safiya Tariro|Mumba Obi|F|1966-6-12
Wale Kofi|Banda Mensah|M|1975-11-17
Tahir Moustapha|Phiri Sow|M|1963-2-9
Kofi Haroun|Mensah Okafor|M|1975-2-7
Salma Sanaa|Mahlatse Niang|F|1990-2-11
Mohammed Ousmane|Konaté Chanda|M|1957-7-14
Musa Ahmed|Kamara Abdullahi|M|1983-2-13
Chukwuemeka Jabari|Osman Conteh|M|2011-7-16
Aboubacar Amadou|Ndiaye Keita|M|1995-1-3
Kwesi Femi|Ndou Mpofu|M|2011-1-16
Femi Haroun|Ouedraogo Toure|M|1967-8-9
Nabil Haroun|Olumide Okafor|M|1989-9-21
Tunde Lamine|Abdullahi Obi|M|1978-6-17
Adebayo Femi|Konaté Sylla|M|2013-5-17
Said Wale|Mahlatse Tshabalala|M|1965-9-21
Zahara Chiamaka|Bello Ogbonna|F|1958-4-5
Mustafa Temba|Ogwumike Langa|M|1972-12-17
Chukwuemeka Emmanuel|Toure Kamara|M|1997-6-7
Amadi Ayo|Jalloh Chukwu|M|1995-1-8
Adewale Jabari|Sow Mumba|M|2010-10-3
Kwame Issa|Sylla Osman|M|1969-12-9
Jabari Kwame|Modise Keita|M|1958-6-1
Nala Thandiwe|Nwosu Toure|F|1979-1-16
Adebayo Diop|Ogbonna Banda|M|1964-7-5
Adebayo Ahmed|Mensah Diop|M|2005-11-10
Musa Malik|Mumba Gumede|M|1986-10-15
Amina Aaliyah|Ba Conteh|F|1965-2-15
Zuleika Zainab|Djembe Osman|F|2002-7-24
Mubarak Sani|Dlamini Diallo|M|2012-12-25
Youssef Lamine|Nkomo Konaté|M|1970-10-25
Issa Youssef|Banda Ndou|M|1995-12-16
Tariq Ousmane|Sylla Keita|M|2004-10-10
Amara Aminata|Niang Nkosi|F|1970-4-2
Nabil Issa|Traoré Djembe|M|1958-7-8
Adewale Wale|Nkosi Ndlovu|M|1994-7-1
Juma Ayo|Mahlatse Modise|M|1995-5-5
Nabil Abdi|Diallo Osman|M|1969-6-7
Ayo Musa|Mohammed Eze|M|1954-6-25
Hassan Ousmane|Nwosu Nwachukwu|M|1956-3-19
Kwame Mohammed|Conteh Modise|M|1991-1-25
Nabil Abdi|Okafor Mumba|M|1993-4-5
Tunde Mamadou|Banda Ba|M|1984-1-8
Femi Ismail|Gumede Nkosi|M|1992-1-10
Tunde Oumar|Mulenga Mulenga|M|1962-6-4
Mamadou Tunde|Ogbonna Sylla|M|1970-8-21
Adaeze Zara|Sankoh Sankoh|F|1959-3-1
Moustapha Chinedu|Mulenga Diop|M|1973-4-14
Alima Amina|Gumede Moyo|F|1956-8-19
Fatima Kadija|Ogbonna Ndiaye|F|2004-6-6
Samira Nia|Bello Phiri|F|2011-9-24
Mariam Sanaa|Mahlatse Mulenga|F|1963-3-5
Safiya Zoya|Nkosi Nwosu|F|2008-2-20
Said Chinedu|Mohammed Olumide|M|1961-10-15
Aboubacar Musa|Osman Abdullahi|M|1986-5-20
Temba Solomon|Ogbonna Sylla|M|1957-10-23
Chinedu Malik|Eze Konaté|M|2009-5-14
Ahmed Tahir|Nkosi Diop|M|1977-2-22
Hassan Boubacar|Nwachukwu Mahlatse|M|1995-5-16
Oumar Yacouba|Kamara Nwosu|M|2001-3-2
Yaa Zola|Djembe Chanda|F|2000-1-16
Kofi Ayo|Djembe Jalloh|M|1955-4-18
Kwame Malik|Moyo Niang|M|1974-2-10
Ime Salma|Sankoh Niang|F|2006-2-13
Oladipo Adebayo|Phiri Jalloh|M|2011-11-13
Mohammed Mamadou|Ogbonna Eze|M|1954-2-5
Nala Layla|Ogbonna Mensah|F|1959-3-5
Chiamaka Adaeze|Dlamini Ndiaye|F|1992-2-24
Juma Tariq|Ogwumike Mpofu|M|1963-9-25
Ibrahima Moustapha|Mulenga Sylla|M|1984-3-11
Zoya Nala|Kamara Osman|F|1967-4-21
Ousmane Hassan|Niang Mahlatse|M|1996-9-7
Aboubacar Kofi|Djembe Gumede|M|1988-3-8
Abdi Ibrahima|Konaté Nkomo|M|1977-3-15
Asha Samira|Banda Nkomo|F|2009-6-3
Zara Safiya|Ouedraogo Modise|F|1977-4-20
Issa Tahir|Olumide Nwachukwu|M|1990-8-24
Youssef Ayo|Nkosi Keita|M|1992-7-20
Tariq Mohammed|Bello Ndiaye|M|1978-11-7
Layla Adaeze|Eze Ba|F|1960-1-19
Kofi Ismail|Eze Konaté|M|2004-4-6
Oladipo Oladipo|Mulenga Mumba|M|1970-5-12
Said Tunde|Nwosu Nwosu|M|1999-3-20
Lamine Mohammed|Mensah Diallo|M|1983-4-10
Zoya Nadia|Nwosu Toure|F|2008-7-8
Tahir Solomon|Phiri Traoré|M|2002-4-24
Zahara Nzinga|Gumede Toure|F|2014-1-15
Zoya Adaeze|Moyo Ndlovu|F|2013-9-21
Yaa Nala|Mulenga Chukwu|F|2002-6-14
Mustafa Amadi|Bello Ba|M|1994-3-21
Suleiman Temba|Mulenga Olumide|M|2004-6-13
Tariq Ismail|Diallo Modise|M|2011-5-16
Yacouba Ibrahima|Chanda Mpofu|M|1978-4-3
Sani Hassan|Osman Nkosi|M|2007-9-9
Kwame Jabari|Tshabalala Ogbonna|M|1979-6-22
Kwesi Malik|Konaté Bello|M|2010-2-24
Adewale Sani|Mumba Eze|M|1993-8-4
Fatima Ayo|Nwosu Ouedraogo|F|1992-6-8
Nabil Emmanuel|Konaté Bello|M|2003-7-11
Haroun Diop|Obi Dlamini|M|2004-5-16
Hassan Malik|Keita Bello|M|2003-12-23
Zuleika Nzinga|Osman Banda|F|1987-9-17
Nzinga Mariam|Ndou Eze|F|1959-1-10
Juma Musa|Kamara Konaté|M|1970-1-16
Nala Zuleika|Nkomo Nkosi|F|1955-9-10
Chiamaka Sanaa|Diop Keita|F|1958-8-7
Ime Nia|Mpofu Bello|F|1977-2-10
Temba Temba|Banda Mahlatse|M|1988-8-23
Haroun Adewale|Toure Mulenga|M|2013-10-25
Diop Oladipo|Ogbonna Ba|M|2013-12-17
Moustapha Tunde|Mensah Conteh|M|2002-2-4
Ahmed Diop|Jalloh Ogwumike|M|2012-5-18
Haroun Adewale|Langa Nkosi|M|2011-12-16
Zainab Imani|Banda Nkosi|F|1960-10-6
Aboubacar Mubarak|Moyo Sow|M|1959-5-17
Tunde Kwesi|Mumba Ogwumike|M|1985-1-13
Ime Nzinga|Mulenga Olumide|F|1991-12-21
Ali Ibrahima|Mumba Toure|M|1965-1-24
Tunde Ahmed|Ndou Ba|M|1963-10-20
Lamine Kwame|Kamara Mensah|M|1993-8-4
Zara Ayanna|Abdullahi Djembe|F|1971-1-22
Chinedu Nabil|Tshabalala Dlamini|M|1965-11-18
Malika Fatima|Obi Nwachukwu|F|2001-12-20
Jabari Chukwuemeka|Nwosu Conteh|M|1965-8-4
Ahmed Ali|Dlamini Nkosi|M|1974-2-21
Tunde Mubarak|Ndiaye Mpofu|M|1979-4-16
Adebayo Oumar|Toure Phiri|M|1972-9-25
Aisha Aisha|Ndlovu Ouedraogo|F|1994-5-1
Wale Abdi|Nkosi Modise|M|1964-11-12
Kofi Ayo|Eze Ogbonna|M|1985-11-9
Wale Ali|Mulenga Mensah|M|1956-8-17
Adaeze Yaa|Mahlatse Ndou|F|1957-10-24
Amadi Solomon|Ndiaye Tshabalala|M|1970-12-16
Amadi Abdi|Conteh Mohammed|M|1987-10-1
Jabari Femi|Chanda Sow|M|1987-6-19
Adewale Nabil|Niang Ndlovu|M|2007-6-16
Ime Fatima|Mohammed Niang|F|2010-4-22
Oumar Emmanuel|Mohammed Sankoh|M|1990-5-23
Tahir Nabil|Diallo Mulenga|M|1968-10-8
Ayana Asma|Ndou Mensah|F|2002-8-1
Boubacar Youssef|Diop Traoré|M|1962-1-25
Moustapha Kwame|Nwosu Mumba|M|1979-4-3
Zara Halima|Ndlovu Ba|F|2001-9-20
Adebayo Mustafa|Nkosi Langa|M|1955-11-9
Emmanuel Diop|Obi Sow|M|1969-2-5
Emmanuel Chukwuemeka|Chanda Sow|M|1955-11-22
Suleiman Aboubacar|Mulenga Mohammed|M|1961-2-8
Ismail Moustapha|Mokone Moyo|M|1973-6-11
Amadou Amadi|Okafor Diallo|M|2005-5-1
Said Jabari|Mokone Ndou|M|1994-10-12
Ahmed Ali|Obi Diallo|M|1957-5-16
Ayo Issa|Niang Ndou|M|2006-2-20
Nala Aisha|Nkomo Ba|F|1966-5-21
Amina Nala|Okafor Toure|F|1966-10-6
Sanaa Amara|Nkosi Mumba|F|1979-2-5
Temba Oumar|Mensah Moyo|M|1955-1-15
Mamadou Ali|Ogbonna Sylla|M|1990-11-2
Adjoa Nkechi|Ndou Okafor|F|1954-10-12
Tahir Femi|Sow Ogwumike|M|2005-9-21
Nala Ime|Sow Phiri|F|1957-11-1
Mohammed Wale|Nwosu Langa|M|2002-5-20
Ousmane Boubacar|Banda Mokone|M|1977-7-22
Mamadou Chukwuemeka|Sankoh Moyo|M|1972-12-16
Tahir Ismail|Moyo Sankoh|M|1972-3-25
Aboubacar Amadou|Mulenga Phiri|M|2008-6-24
Ayo Malik|Sankoh Gumede|M|1954-2-25
Sanaa Asma|Mohammed Modise|F|2002-4-6
Amadou Tahir|Nwosu Nwosu|M|1967-11-23
Mamadou Oladipo|Banda Moyo|M|2014-6-8
Ali Musa|Moyo Nkosi|M|2002-9-22
Tunde Adewale|Nwosu Mohammed|M|1982-5-3
Ime Kadija|Konaté Ba|F|1975-7-3
Kwame Jabari|Modise Djembe|M|1968-12-1
Ahmed Amadou|Djembe Mohammed|M|1963-5-15
Tunde Musa|Tshabalala Kamara|M|1970-4-3
Moustapha Youssef|Moyo Mahlatse|M|1963-8-16
Ife Nadia|Gumede Jalloh|F|1985-8-13
Jabari Adebayo|Jalloh Dlamini|M|1969-8-9
Abdi Mubarak|Dlamini Osman|M|1972-4-13
Ibrahima Tahir|Djembe Mokone|M|1988-12-8
Juma Ahmed|Phiri Jalloh|M|1998-7-1
Ayo Ismail|Keita Traoré|M|1973-10-6
Amadou Chinedu|Mahlatse Ouedraogo|M|1995-10-11
Jabari Jabari|Eze Keita|M|1999-6-4
Femi Nabil|Modise Ndlovu|M|2001-9-21
Oladipo Aboubacar|Okafor Kamara|M|1986-7-22
Oladipo Jabari|Olumide Nkosi|M|2011-5-6
Kehinde Nkechi|Mahlatse Toure|F|1967-1-8
Alima Nia|Banda Ogwumike|F|2006-11-8
Haroun Mohammed|Banda Olumide|M|1975-6-5
Halima Alima|Langa Mahlatse|F|1981-3-24
Ismail Kwame|Konaté Phiri|M|2007-2-11
Aboubacar Diop|Toure Olumide|M|1966-7-5
Zainab Chiamaka|Obi Modise|F|2006-2-17
Jabari Juma|Ogbonna Sankoh|M|1972-7-8
Femi Amadou|Diallo Ogwumike|M|1995-10-14
Kadija Ayo|Mensah Djembe|F|1988-2-10
Mustafa Chukwuemeka|Mensah Mokone|M|2003-9-25
Asha Mariam|Jalloh Niang|F|1983-11-4
Ibrahima Wale|Ba Tshabalala|M|2009-10-25
Tariro Safiya|Ndou Gumede|F|1979-8-22
Nia Zoya|Mokone Mumba|F|1972-10-23
Nia Aaliyah|Jalloh Ndlovu|F|2011-5-14
Lamine Sani|Djembe Keita|M|2001-5-7
Diop Haroun|Ba Nkosi|M|1981-5-7
Boubacar Mamadou|Obi Eze|M|2001-7-25
Haroun Tariq|Mumba Ogbonna|M|1972-9-12
Amara Zoya|Nwachukwu Jalloh|F|1996-7-24
Mamadou Haroun|Osman Nkomo|M|2013-4-11
Ibrahima Tunde|Langa Traoré|M|1979-10-17
Zara Nadia|Mulenga Dlamini|F|1957-10-23
Sanaa Thandiwe|Abdullahi Niang|F|2011-1-10
Emmanuel Moustapha|Ndlovu Ndou|M|1972-5-17
Suleiman Ali|Traoré Kamara|M|1987-11-6
Issa Nabil|Conteh Ndlovu|M|1959-11-24
Adebayo Tahir|Olumide Gumede|M|1999-9-25
Aisha Mariam|Olumide Toure|F|1979-5-2
Tahir Ali|Kamara Ouedraogo|M|2009-11-19
Jabari Wale|Ba Sylla|M|2013-8-24
Mubarak Mohammed|Bello Mpofu|M|1966-11-16
Amara Zola|Jalloh Mpofu|F|1967-6-1
Chinedu Kwesi|Bello Phiri|M|1970-3-9
Adanna Zahara|Nwachukwu Mahlatse|F|2005-12-23
Femi Mamadou|Chanda Sow|M|1959-8-15
Haroun Said|Nkosi Obi|M|1984-9-14
Lamine Amadou|Ogwumike Nwosu|M|1980-7-15
Hassan Suleiman|Ndiaye Traoré|M|1964-4-5
Kwesi Youssef|Ogwumike Diop|M|1962-5-23
Diop Chinedu|Osman Toure|M|1989-10-13
Youssef Kwame|Mumba Modise|M|2012-7-23
Moustapha Oladipo|Mpofu Mpofu|M|1955-9-14
Mubarak Lamine|Traoré Kamara|M|2005-4-10
Kwame Diop|Nwosu Dlamini|M|1967-9-7
Tariq Juma|Jalloh Langa|M|1958-7-12
Adjoa Kadija|Mpofu Banda|F|1984-3-21
Nia Nala|Moyo Obi|F|1978-4-2
Sani Mustafa|Djembe Gumede|M|1979-6-24
Ousmane Mubarak|Bello Langa|M|1996-1-18
Amara Asha|Ogbonna Obi|F|1982-2-23
Said Oladipo|Nkosi Langa|M|1962-5-18
Oumar Amadi|Ndou Phiri|M|2003-10-10
Jabari Diop|Obi Dlamini|M|2000-8-24
Mubarak Femi|Mensah Gumede|M|2001-5-15
Diop Femi|Abdullahi Kamara|M|2002-12-22
Nzinga Aminata|Nwosu Sylla|F|2007-9-24
Layla Kadija|Toure Sylla|F|1996-8-1
Oumar Tahir|Gumede Ndlovu|M|1998-7-9
Oumar Ali|Osman Obi|M|1979-12-2
Boubacar Ibrahima|Banda Chanda|M|1963-4-17
Diop Ayo|Mohammed Niang|M|2012-4-20
Aboubacar Ibrahima|Dlamini Dlamini|M|2010-10-23
Asma Adanna|Mensah Kamara|F|2010-6-3
Zahara Amara|Langa Sow|F|1979-3-24
Nala Kehinde|Conteh Mensah|F|1961-6-13
Youssef Amadi|Mpofu Traoré|M|1972-4-18
Ismail Mamadou|Chanda Dlamini|M|1980-5-3
Yaa Asha|Modise Ndiaye|F|1986-2-23
Asha Safiya|Mensah Banda|F|1996-11-11
Adaeze Imani|Kamara Sylla|F|1965-2-25
Nabil Lamine|Mohammed Sow|M|1990-7-17
Mohammed Kofi|Ouedraogo Dlamini|M|2006-7-24
Zahara Kadija|Gumede Mumba|F|1993-5-16
Ali Tahir|Langa Traoré|M|2011-9-17
Zainab Yaa|Langa Abdullahi|F|1956-6-21
Tahir Ibrahima|Toure Mokone|M|1971-1-20
Jabari Suleiman|Ouedraogo Mohammed|M|2014-4-4
Ayanna Asha|Conteh Nkosi|F|1994-11-6
Mohammed Aboubacar|Langa Ogwumike|M|2000-6-4
Wale Said|Ndou Sankoh|M|1974-1-1
Amadou Femi|Mahlatse Mpofu|M|1959-8-25
Tariq Ibrahima|Nwosu Modise|M|1963-9-2
Ousmane Lamine|Abdullahi Osman|M|1973-9-19
Lamine Issa|Obi Eze|M|1997-8-23
Wale Femi|Sankoh Diallo|M|1967-6-24
Adewale Mubarak|Moyo Mulenga|M|1962-8-21
Kwesi Jabari|Ndlovu Sankoh|M|1991-10-7
Mohammed Tahir|Keita Langa|M|1959-10-17
Salma Safiya|Modise Chukwu|F|1994-3-18
Hassan Nabil|Modise Sow|M|1983-10-6
Kadija Samira|Mpofu Diop|F|2012-2-10
Ife Ayanna|Traoré Bello|F|1988-6-23
Mamadou Kofi|Mahlatse Sylla|M|1992-1-15
Aisha Nala|Jalloh Mensah|F|1973-4-5
Adewale Mubarak|Tshabalala Tshabalala|M|1977-9-18
Layla Nzinga|Traoré Mahlatse|F|1971-9-4
Adjoa Sanaa|Sylla Nkomo|F|1980-5-16
Zuleika Zuleika|Toure Okafor|F|1985-10-7
Musa Ibrahima|Sow Abdullahi|M|2012-12-13
Diop Tunde|Chanda Modise|M|2004-5-13
Moustapha Youssef|Ndiaye Nkosi|M|2005-6-19
Nia Aaliyah|Obi Abdullahi|F|1970-6-18
Youssef Ibrahima|Phiri Sankoh|M|1979-9-15
Zoya Zuleika|Mpofu Nkosi|F|1991-2-7
Nala Nkechi|Osman Mensah|F|1992-3-20
Ayana Kadija|Ogwumike Nkomo|F|2008-6-10
Malik Amadi|Ba Diallo|M|2003-10-2
Temba Amadi|Nwosu Mahlatse|M|2006-11-19
Boubacar Moustapha|Olumide Mohammed|M|2013-7-15
Haroun Suleiman|Phiri Nwosu|M|1969-6-7
Ousmane Malik|Phiri Ndlovu|M|2006-6-1
Malik Emmanuel|Kamara Modise|M|1991-3-14
Nzinga Zahara|Obi Chanda|F|2007-2-16
Zola Taraji|Nkosi Abdullahi|F|1964-11-22
Moustapha Temba|Nwachukwu Gumede|M|2006-2-25
Mubarak Juma|Ndiaye Mpofu|M|1962-6-14
Amadi Oumar|Nwosu Ndou|M|2006-4-25
Nia Amina|Chukwu Djembe|F|1971-7-22
Said Malik|Keita Nkosi|M|1955-4-16
Boubacar Suleiman|Traoré Banda|M|1981-11-2
Ismail Sani|Toure Djembe|M|1995-1-10
Aboubacar Hassan|Mohammed Mumba|M|1982-4-15
Yacouba Kwesi|Nwachukwu Jalloh|M|1994-1-1
Mamadou Said|Djembe Ogwumike|M|1965-9-25
Tariq Ousmane|Djembe Ndiaye|M|1992-9-17
Mamadou Mustafa|Conteh Ndiaye|M|1984-5-10
Chinedu Ahmed|Mohammed Eze|M|2013-4-3
Aboubacar Emmanuel|Jalloh Nwosu|M|1975-12-5
Tunde Mohammed|Dlamini Nwachukwu|M|2011-1-19
Nzinga Nala|Nkomo Phiri|F|1956-12-20
Said Temba|Okafor Tshabalala|M|2005-12-14
Zara Asha|Nwachukwu Nkosi|F|1999-7-1
Hassan Tunde|Ogbonna Ba|M|1997-3-1
Zola Makeda|Olumide Obi|F|1970-7-11
Tunde Diop|Traoré Diallo|M|1978-6-13
Chinedu Aboubacar|Nkosi Olumide|M|2012-2-18
Ismail Kofi|Mumba Modise|M|1988-7-16
Aboubacar Aboubacar|Mahlatse Diallo|M|1968-6-7
Ime Aaliyah|Banda Ndou|F|2014-8-3
Aminata Nia|Ndiaye Sylla|F|1958-11-17
Said Kwesi|Chukwu Mahlatse|M|2006-10-9
Sani Emmanuel|Conteh Sankoh|M|1962-3-12
Moustapha Youssef|Eze Langa|M|1955-9-1
Oladipo Boubacar|Dlamini Phiri|M|1984-4-7
Chiamaka Thandiwe|Eze Ba|F|1996-7-15
Safiya Amina|Kamara Nwachukwu|F|1964-6-23
Zara Ayo|Konaté Dlamini|F|1964-2-17
Ahmed Nabil|Toure Jalloh|M|1973-10-9
Temba Amadou|Abdullahi Mokone|M|1957-6-13
Halima Yaa|Nkomo Olumide|F|1994-2-16
Nala Layla|Mpofu Osman|F|1958-10-3
Zoya Nala|Okafor Osman|F|1974-6-10
Nkechi Ife|Mahlatse Konaté|F|1955-10-5
Zola Malika|Keita Conteh|F|2009-7-1
Diop Ali|Niang Mumba|M|1994-8-2
Kwame Oladipo|Abdullahi Bello|M|1992-12-7
Wale Nabil|Mensah Nkomo|M|1965-11-7
Juma Hassan|Mohammed Sankoh|M|2002-10-10
Fatima Adanna|Langa Gumede|F|1988-10-25
Taraji Halima|Mohammed Chanda|F|2013-2-24
Kofi Tunde|Ba Langa|M|1970-10-5
Oumar Ibrahima|Sylla Konaté|M|1965-1-23
Ayo Lamine|Okafor Banda|M|1979-6-14
Jabari Ali|Phiri Mulenga|M|1956-1-3
Mustafa Juma|Ba Diop|M|1960-11-21
Ife Asha|Diallo Kamara|F|1961-2-20
Nala Kadija|Nkomo Mpofu|F|1990-9-10
Alima Nia|Nkomo Konaté|F|2002-4-16
Mubarak Ismail|Mensah Konaté|M|1983-7-6
Nala Thandiwe|Nkomo Ndou|F|1963-5-6
Imani Nia|Eze Mpofu|F|1958-6-3
Tariq Issa|Sylla Ogwumike|M|1970-11-5
Temba Wale|Modise Moyo|M|1955-8-15
Ismail Aboubacar|Ogwumike Mahlatse|M|1996-1-2
Kwame Mamadou|Chanda Bello|M|2010-4-12
Mubarak Oladipo|Traoré Mokone|M|2010-12-1
Chukwuemeka Ayo|Bello Langa|M|1992-12-6
Halima Salma|Tshabalala Abdullahi|F|1979-8-5
Wale Mohammed|Dlamini Toure|M|1996-5-5
Kadija Fatima|Langa Nkosi|F|1965-3-21
Kofi Amadou|Traoré Diallo|M|1957-5-15
Oumar Ali|Konaté Traoré|M|2014-6-7
Ayo Makeda|Mensah Bello|F|2010-8-18
Zola Kadija|Ogbonna Ogbonna|F|1966-10-25
Moustapha Adewale|Mpofu Ba|M|2000-9-14
Solomon Solomon|Kamara Nkosi|M|2008-4-16
Ibrahima Ousmane|Nkosi Nkosi|M|1997-3-15
Tunde Solomon|Traoré Ogbonna|M|1956-9-18
Musa Mustafa|Abdullahi Mensah|M|1976-7-6
Suleiman Chukwuemeka|Ogbonna Traoré|M|1985-12-11
Chukwuemeka Boubacar|Mahlatse Phiri|M|1982-1-17
Femi Yacouba|Olumide Keita|M|1976-2-19
Nkechi Zara|Mpofu Gumede|F|1958-2-16
Chiamaka Samira|Gumede Ndlovu|F|1968-2-21
Temba Jabari|Okafor Mpofu|M|1993-10-18
Ayo Suleiman|Traoré Ndou|M|1971-3-17
Tunde Ousmane|Mpofu Osman|M|2000-12-6
Samira Kadija|Moyo Mahlatse|F|1981-7-22
Abdi Chukwuemeka|Ouedraogo Nwosu|M|2006-6-10
Ismail Ahmed|Ndou Olumide|M|1956-5-10
Femi Musa|Mpofu Sow|M|1998-9-9
Hassan Tahir|Okafor Nkomo|M|1987-5-25
Tahir Moustapha|Nkosi Mahlatse|M|1955-9-20
Solomon Ousmane|Nwachukwu Toure|M|1976-9-18
Amadi Juma|Ndou Banda|M|2013-5-10
Suleiman Adewale|Abdullahi Nkomo|M|1982-9-5
Chinedu Ismail|Niang Chukwu|M|1984-3-8
Lamine Ayo|Jalloh Mokone|M|2011-4-24
Boubacar Moustapha|Niang Nwachukwu|M|2008-6-6
Hassan Emmanuel|Modise Kamara|M|1995-7-20
Oumar Aboubacar|Mahlatse Ba|M|1992-5-6
Malik Nabil|Sylla Chukwu|M|1990-2-16
Femi Abdi|Banda Chukwu|M|1955-9-3
Lamine Tariq|Conteh Djembe|M|1976-6-16
Kwesi Ali|Olumide Sylla|M|1998-10-20
Lamine Chukwuemeka|Sylla Phiri|M|1979-7-20
Issa Malik|Ba Osman|M|2002-12-25
Abdi Tunde|Chanda Jalloh|M|1991-12-25
Temba Ibrahima|Osman Konaté|M|1984-12-14
Temba Wale|Traoré Langa|M|2007-12-25
Yaa Nala|Olumide Diop|F|1975-2-20
Adebayo Ibrahima|Banda Chanda|M|1969-10-20
Ismail Issa|Mpofu Nkomo|M|1976-5-12
Chukwuemeka Yacouba|Obi Traoré|M|2012-3-9
Emmanuel Juma|Mohammed Modise|M|1979-10-3
Zahara Salma|Dlamini Kamara|F|1972-2-13
Solomon Amadi|Traoré Phiri|M|1958-1-8
Ousmane Musa|Toure Mohammed|M|2014-5-5
Chinedu Emmanuel|Moyo Obi|M|1972-10-24
Mubarak Boubacar|Toure Ndiaye|M|2001-4-9
Mohammed Lamine|Sylla Sankoh|M|1972-3-24
Zuleika Zuleika|Dlamini Ba|F|1996-9-25
Ibrahima Oumar|Mahlatse Ndiaye|M|1965-11-24
Mustafa Kwesi|Kamara Chukwu|M|2008-6-15
Zahara Amina|Modise Osman|F|1996-11-21
Asha Nia|Osman Obi|F|1968-3-14
Amadi Aboubacar|Dlamini Gumede|M|1998-2-10
Safiya Zuleika|Mensah Chanda|F|1980-3-2
Tahir Ibrahima|Gumede Mpofu|M|1990-11-21
Ayo Suleiman|Jalloh Toure|M|1960-6-1
Solomon Boubacar|Traoré Mensah|M|1981-10-22
Kofi Juma|Banda Phiri|M|1991-2-23
Malika Nia|Nwosu Mohammed|F|1990-12-16
Solomon Musa|Eze Keita|M|2008-3-23
Sanaa Nala|Tshabalala Nkomo|F|1991-11-22
Boubacar Ismail|Moyo Mokone|M|1998-5-1
Said Chinedu|Modise Traoré|M|1955-9-8
Malika Nala|Abdullahi Jalloh|F|1989-8-13
Halima Thandiwe|Mohammed Ndiaye|F|1987-6-7
Suleiman Musa|Moyo Abdullahi|M|2003-10-8
Temba Tahir|Modise Ba|M|2001-2-25
Ousmane Oladipo|Mpofu Dlamini|M|2000-12-13
Moustapha Ibrahima|Niang Gumede|M|1960-12-16
Diop Aboubacar|Nkosi Niang|M|1970-10-4
Suleiman Femi|Obi Sow|M|2006-5-8
Nala Alima|Eze Ndiaye|F|1987-9-9
Yacouba Mubarak|Bello Modise|M|1993-7-9
Tahir Adewale|Conteh Chanda|M|2002-3-10
Nia Amina|Mpofu Diop|F|1980-11-10
Sani Emmanuel|Traoré Langa|M|1985-2-8
Makeda Imani|Ndiaye Tshabalala|F|2000-6-1
Ismail Femi|Olumide Obi|M|1967-10-9
Lamine Femi|Diallo Sylla|M|1994-6-9
Samira Sanaa|Nwachukwu Diallo|F|1956-2-5
Adanna Aaliyah|Mokone Ouedraogo|F|1992-12-24
Tahir Mustafa|Ndiaye Niang|M|1981-11-11
Kehinde Amara|Mahlatse Moyo|F|1960-4-14
Solomon Nabil|Kamara Diallo|M|1965-2-20
Amara Asma|Mensah Chukwu|F|1967-7-16
Mamadou Ibrahima|Moyo Mpofu|M|2000-5-10
Makeda Thandiwe|Sow Abdullahi|F|1958-11-2
Kofi Suleiman|Keita Modise|M|1996-2-8
Moustapha Aboubacar|Dlamini Sow|M|1984-12-10
Ayo Malik|Nkosi Jalloh|M|2013-3-18
Ali Nabil|Sow Nkosi|M|2006-6-13
Kwesi Femi|Eze Moyo|M|2000-4-14
Femi Emmanuel|Nwosu Mahlatse|M|1972-9-1
Kwesi Yacouba|Moyo Eze|M|1970-9-25
Chinedu Aboubacar|Osman Dlamini|M|1998-11-8
Zuleika Amara|Mumba Nkosi|F|1959-5-25
Wale Ibrahima|Chukwu Diallo|M|1983-10-18
Ibrahima Jabari|Mahlatse Tshabalala|M|2003-5-7
Zola Taraji|Dlamini Langa|F|1981-1-5
Tahir Moustapha|Ouedraogo Diallo|M|1955-11-8
Aboubacar Ayo|Dlamini Okafor|M|1993-7-17
Tunde Mohammed|Nkomo Bello|M|1970-9-5
Moustapha Boubacar|Moyo Chukwu|M|1994-1-1
Kwame Mustafa|Mokone Mensah|M|1983-12-13
Mohammed Ismail|Nkosi Mokone|M|1986-7-9
Ismail Mamadou|Ogbonna Olumide|M|2013-11-13
Sani Mohammed|Ndou Chukwu|M|1977-11-20
Said Mamadou|Nkosi Mahlatse|M|1978-1-24
Yacouba Ibrahima|Ba Djembe|M|1986-9-14
Ahmed Ahmed|Langa Osman|M|1967-4-24
Amadi Suleiman|Conteh Ndlovu|M|1975-12-14
Mustafa Tahir|Obi Mpofu|M|1991-4-16
Femi Oladipo|Mulenga Chukwu|M|2004-7-14
Adaeze Zainab|Gumede Chukwu|F|1982-12-7
Ibrahima Tahir|Sow Mpofu|M|1957-6-12
Ayanna Zara|Sylla Nwosu|F|2004-11-8
Ahmed Haroun|Toure Bello|M|1983-3-9
Adebayo Mohammed|Bello Nwosu|M|1973-5-11
Nabil Ayo|Chanda Moyo|M|1976-3-1
Hassan Femi|Mumba Abdullahi|M|1997-7-1
Sani Amadou|Tshabalala Nwosu|M|1995-7-10
Tahir Sani|Keita Sow|M|1978-9-21
Oumar Moustapha|Niang Obi|M|1991-5-25
Halima Kehinde|Ogwumike Ndiaye|F|1984-6-25
Kofi Ahmed|Eze Kamara|M|2002-3-23
Aaliyah Kadija|Chanda Chanda|F|1981-5-1
Ahmed Amadou|Obi Diop|M|2005-9-9
Haroun Yacouba|Nkomo Mensah|M|1975-10-9
Moustapha Wale|Ndou Langa|M|1998-5-12
Yacouba Juma|Dlamini Sankoh|M|1990-7-4
Chukwuemeka Kwame|Phiri Nkomo|M|1977-1-12
Fatima Amara|Diop Keita|F|1962-9-11
Mustafa Diop|Tshabalala Ndlovu|M|1954-10-19
Adewale Mustafa|Sankoh Olumide|M|1974-4-13
Mohammed Ali|Ogbonna Okafor|M|1957-7-9
Lamine Ismail|Obi Conteh|M|1999-2-7
Kwame Suleiman|Conteh Gumede|M|1966-4-22
Ayo Adewale|Djembe Diallo|M|1984-9-2
Ousmane Malik|Nkosi Chukwu|M|1994-12-6
Nadia Nala|Nkomo Bello|F|2010-10-11
Malika Ayana|Ba Djembe|F|1968-1-1
Zuleika Chiamaka|Ogbonna Diop|F|1984-11-17
Abdi Yacouba|Nkomo Nwachukwu|M|1955-12-17
Lamine Aboubacar|Ogbonna Mahlatse|M|1981-8-7
Emmanuel Said|Ba Mahlatse|M|1980-1-22
Issa Malik|Modise Eze|M|1969-2-3
Moustapha Issa|Obi Moyo|M|1958-7-13
Makeda Adjoa|Modise Tshabalala|F|1958-4-1
Ayo Ali|Diallo Chukwu|M|1966-3-13
Sani Issa|Moyo Olumide|M|1970-11-22
Chinedu Kwesi|Langa Ndiaye|M|1975-2-21
Adebayo Ismail|Sow Olumide|M|2000-12-18
Chiamaka Adaeze|Dlamini Mohammed|F|1955-1-7
Aminata Thandiwe|Mumba Ba|F|1968-3-14
Ahmed Lamine|Phiri Eze|M|1964-9-23
Haroun Ibrahima|Konaté Moyo|M|2000-7-16
Mamadou Ahmed|Mulenga Nwachukwu|M|1956-5-17
Jabari Amadou|Modise Toure|M|1954-4-10
Chiamaka Asma|Chanda Diop|F|1978-8-2
Tariq Ahmed|Olumide Conteh|M|1961-9-6
Adanna Samira|Traoré Ouedraogo|F|2001-3-3
Adaeze Nadia|Tshabalala Bello|F|1975-12-11
Wale Jabari|Ba Nkosi|M|1970-8-10
Suleiman Mustafa|Toure Ndiaye|M|1995-6-3
Jabari Tariq|Eze Chanda|M|1978-9-10
Ousmane Hassan|Langa Ndiaye|M|1956-5-19
Makeda Halima|Banda Kamara|F|2004-9-21
Nia Chiamaka|Nkomo Gumede|F|1961-7-14
Chukwuemeka Diop|Ogbonna Diop|M|2006-4-21
Nabil Chinedu|Ba Kamara|M|1963-7-9
Mariam Adanna|Dlamini Sankoh|F|1970-6-13
Malik Emmanuel|Conteh Modise|M|2002-4-21
Ayana Zola|Jalloh Mpofu|F|1973-12-8
Femi Youssef|Olumide Mahlatse|M|1975-2-16
Moustapha Ismail|Sankoh Mahlatse|M|1957-11-1
Said Suleiman|Sylla Konaté|M|1968-2-21
Tariq Jabari|Gumede Kamara|M|1994-10-22
Femi Temba|Jalloh Banda|M|1991-11-10
Amadi Chukwuemeka|Chanda Mulenga|M|1994-11-1
Kofi Kwesi|Diallo Gumede|M|1998-4-7
Ismail Solomon|Mohammed Mensah|M|1987-12-23
Mohammed Ahmed|Niang Osman|M|1967-4-20
Nabil Abdi|Konaté Mpofu|M|2004-12-7
Wale Lamine|Mokone Jalloh|M|1954-4-14
Makeda Asma|Nkosi Ndiaye|F|2010-12-14
Malik Abdi|Nwosu Ndlovu|M|1997-8-10
Moustapha Ali|Abdullahi Moyo|M|1992-12-9
Suleiman Lamine|Modise Kamara|M|1971-9-13
Oladipo Adebayo|Abdullahi Kamara|M|1987-10-2
Emmanuel Sani|Nkosi Ba|M|2002-10-23
Lamine Ismail|Moyo Keita|M|1954-5-21
Amadi Ali|Djembe Niang|M|1999-5-10
Mohammed Kwame|Okafor Niang|M|1980-1-2
Yaa Aisha|Ndiaye Chukwu|F|1958-6-14
Mubarak Abdi|Djembe Olumide|M|1991-8-14
Kwame Ibrahima|Modise Bello|M|1958-7-2
Malik Juma|Toure Dlamini|M|1973-1-4
Ali Aboubacar|Langa Djembe|M|1975-12-8
Oumar Youssef|Mulenga Ndou|M|1999-1-12
Mamadou Tariq|Olumide Ogbonna|M|2000-11-19
Femi Mubarak|Konaté Toure|M|2008-6-4
Aboubacar Kofi|Banda Konaté|M|2006-2-7
Taraji Thandiwe|Mulenga Mpofu|F|1997-5-1
Sanaa Ayanna|Mpofu Nkosi|F|2000-6-2
Amadi Ahmed|Moyo Chukwu|M|1991-5-2
Youssef Tunde|Mumba Djembe|M|1958-6-16
Adanna Safiya|Dlamini Langa|F|2010-9-13
Imani Nia|Chukwu Ndou|F|1999-5-9
Chinedu Temba|Moyo Sow|M|2001-3-3
Suleiman Emmanuel|Modise Jalloh|M|1984-5-20
Kwame Sani|Toure Modise|M|1986-5-9
Ife Nala|Ouedraogo Nkomo|F|1994-8-22
Hassan Mohammed|Toure Chukwu|M|1995-8-20
Chukwuemeka Chukwuemeka|Gumede Nwosu|M|2006-2-2
Kofi Kwame|Olumide Ogwumike|M|1962-7-18
Imani Layla|Gumede Tshabalala|F|1997-9-10
Tariro Aisha|Abdullahi Ouedraogo|F|1992-3-2
Temba Youssef|Jalloh Dlamini|M|2008-2-2
Taraji Imani|Keita Bello|F|1981-5-16
Samira Thandiwe|Gumede Jalloh|F|1994-8-23
Zola Nia|Langa Okafor|F|1980-8-14
Mohammed Aboubacar|Nkosi Ouedraogo|M|1994-10-19
Lamine Mubarak|Gumede Tshabalala|M|1965-1-21
Hassan Lamine|Chukwu Modise|M|1972-10-8
Ahmed Moustapha|Nkosi Ouedraogo|M|1965-10-17
Oladipo Youssef|Konaté Keita|M|1981-6-24
Kofi Ismail|Bello Ogwumike|M|1960-7-14
Musa Musa|Ndiaye Gumede|M|2000-6-20
Kadija Ayanna|Ogbonna Diallo|F|1980-11-4
Aminata Layla|Phiri Conteh|F|1977-2-24
Ayana Mariam|Mulenga Mensah|F|1956-5-15
Tunde Kwame|Mumba Mensah|M|1975-7-13
Adaeze Adanna|Osman Nwachukwu|F|1997-7-18
Mohammed Nabil|Eze Nkosi|M|1999-11-5
Oumar Youssef|Keita Okafor|M|1984-9-19
Zara Thandiwe|Traoré Konaté|F|2001-1-18
Mohammed Femi|Ouedraogo Osman|M|1980-12-17
Lamine Ismail|Tshabalala Mumba|M|1979-5-25
Wale Amadou|Toure Eze|M|1955-2-21
Hassan Sani|Olumide Sylla|M|1964-3-22
Nia Thandiwe|Traoré Djembe|F|1998-6-7
Musa Ali|Ogwumike Nwosu|M|1998-12-19
Nia Imani|Obi Mahlatse|F|2000-8-12
Moustapha Tahir|Jalloh Nkosi|M|1965-8-25
Haroun Amadi|Chukwu Olumide|M|1993-9-17
Nia Zara|Nkosi Keita|F|2006-6-24
Aboubacar Ousmane|Ogwumike Ogbonna|M|1956-9-16
Emmanuel Mohammed|Tshabalala Ouedraogo|M|2004-12-10
Aaliyah Malika|Ouedraogo Keita|F|2013-5-18
Moustapha Amadou|Djembe Niang|M|1957-10-9
Ayana Zainab|Kamara Diop|F|1969-12-1
Chinedu Amadi|Sow Ndiaye|M|1988-9-14
Tahir Malik|Tshabalala Ndlovu|M|1988-3-12
Kwesi Diop|Ndlovu Chukwu|M|2009-11-12
Zoya Zola|Sylla Ndlovu|F|1954-1-25
Oladipo Hassan|Kamara Langa|M|2008-3-5
Amara Fatima|Nwachukwu Nwachukwu|F|2014-1-17
Diop Sani|Sow Bello|M|1993-4-25
Tunde Femi|Phiri Nkosi|M|1973-7-23
Emmanuel Lamine|Chanda Mokone|M|1962-3-20
Oumar Lamine|Nkosi Ba|M|2011-9-4
Yaa Aminata|Okafor Konaté|F|1975-11-9
Asha Adjoa|Nkosi Toure|F|2011-3-25
Suleiman Oladipo|Sankoh Nkosi|M|1962-5-11
Chiamaka Malika|Nkosi Conteh|F|2013-10-13
Temba Haroun|Diallo Sylla|M|1969-8-8
Ahmed Haroun|Tshabalala Kamara|M|1959-9-9
Safiya Malika|Nwosu Mpofu|F|1965-7-3
Temba Adebayo|Osman Olumide|M|1954-11-13
Sani Mamadou|Niang Traoré|M|2004-11-1
Issa Ali|Ndlovu Osman|M|1994-2-25
Safiya Kadija|Nwachukwu Langa|F|1966-2-1
Lamine Tunde|Niang Obi|M|2006-1-6
Halima Nadia|Ndiaye Ogwumike|F|2004-5-21
Amadou Ayo|Ogwumike Gumede|M|2013-1-21
Mustafa Mamadou|Djembe Nkosi|M|1975-12-24
Nia Ayanna|Mpofu Moyo|F|1988-6-13
Mariam Taraji|Modise Mensah|F|1996-2-23
Taraji Ayanna|Mohammed Olumide|F|1956-3-13
Nala Zahara|Mohammed Nwachukwu|F|2001-9-17
Amadi Aboubacar|Nwachukwu Moyo|M|1981-9-18
Tariro Kadija|Modise Tshabalala|F|1967-11-17
Kwame Ousmane|Gumede Chanda|M|1962-1-3
Nkechi Taraji|Nkosi Osman|F|2006-7-22
Zola Nia|Kamara Diallo|F|1958-10-6
Mubarak Tunde|Eze Tshabalala|M|1958-2-22
Femi Jabari|Nwachukwu Nkomo|M|2012-7-4
Nabil Solomon|Mohammed Niang|M|1978-12-6
Chinedu Ahmed|Ndou Djembe|M|1979-10-14
Diop Ahmed|Olumide Nkomo|M|1982-5-23
Malika Zahara|Nwachukwu Toure|F|2000-6-7
Zoya Salma|Phiri Ouedraogo|F|1981-3-19
Adanna Ayo|Mulenga Ouedraogo|F|1977-1-25
Adebayo Diop|Ba Gumede|M|1964-10-22
Youssef Ousmane|Phiri Diop|M|1999-11-20
Moustapha Lamine|Sow Mokone|M|1992-1-5
Emmanuel Kwame|Tshabalala Chukwu|M|2006-9-3
Mubarak Jabari|Ndlovu Mumba|M|2010-1-25
Amara Nala|Sow Mokone|F|1985-11-5
Musa Tahir|Ogwumike Gumede|M|1970-8-21
Samira Taraji|Mohammed Djembe|F|2008-6-22
Yacouba Adebayo|Jalloh Eze|M|1955-3-3
Aboubacar Femi|Bello Ouedraogo|M|1989-1-17
Emmanuel Adebayo|Diallo Gumede|M|1970-9-14
Ali Suleiman|Sow Banda|M|2009-5-25
Temba Moustapha|Ba Jalloh|M|1982-7-15
Moustapha Nabil|Mulenga Mensah|M|1993-9-14
Moustapha Mustafa|Banda Niang|M|1992-8-11
Kwesi Sani|Nkosi Olumide|M|1982-5-22
Said Tahir|Mokone Diallo|M|1957-6-8
Ayo Musa|Bello Osman|M|1966-4-17
Chiamaka Adaeze|Djembe Sylla|F|1984-1-16
Lamine Ibrahima|Mulenga Diop|M|1972-4-14
Oladipo Femi|Ba Okafor|M|2007-10-25
Ife Adaeze|Niang Mohammed|F|2009-4-1
Jabari Mamadou|Toure Mohammed|M|1974-7-9
Emmanuel Said|Ouedraogo Moyo|M|2006-8-10
Hassan Wale|Sankoh Ndiaye|M|1970-3-2
Youssef Aboubacar|Nkosi Phiri|M|1981-8-25
Amina Nala|Sylla Nkomo|F|1958-6-16
Issa Chukwuemeka|Sankoh Eze|M|1957-12-23
Emmanuel Lamine|Ouedraogo Langa|M|2013-9-21
Femi Mohammed|Chanda Bello|M|1983-4-6
Ahmed Yacouba|Sankoh Mokone|M|1991-10-5
Moustapha Kofi|Abdullahi Kamara|M|1977-3-12
Femi Ousmane|Mpofu Modise|M|1982-5-23
Zainab Yaa|Toure Abdullahi|F|1990-1-14
Layla Nala|Niang Banda|F|1955-4-1
Mariam Makeda|Ba Olumide|F|2007-5-9
Zuleika Halima|Abdullahi Nkosi|F|1972-8-25
Ibrahima Tariq|Ouedraogo Mahlatse|M|1987-8-23
Diop Adebayo|Mumba Nkomo|M|2005-11-6
Nabil Suleiman|Mohammed Ba|M|2011-11-20
Diop Mustafa|Abdullahi Obi|M|2003-7-6
Chukwuemeka Ousmane|Dlamini Sankoh|M|1958-5-10
